{
    "IsEncrypted": false,
    "Values": {
        "AzureWebJobsStorage": "UseDevelopmentStorage=true",
        "FUNCTIONS_WORKER_RUNTIME": "dotnet",
        "DatAlertHostName": "dev5945c.varonis-preprod.com",
        "DatAlertApiKey": "vkey1_a422eb58f75448418cbc24cbb87da62b_boPCAR4dGECkqVItiIWpI285cZzxIUxQ9k2mthQ5Gic=",
        "LogAnalyticsKey": "DG3z+1mEkSziR8kaTZqp7PdYTdNsoYfA+/yjkQZHDTXlDDIW/b579FaLXNulgepcrPkFd9BN7pc2ChV1zIGhqw==",
        "LogAnalyticsWorkspace": "a248b5a4-b4c3-4ad4-8a3f-548f07136718",
        "FirstFetchTime": "2 weeks",
        "Severities": "Low, Medium, High",
        "ThreatModelNameList": "",
        "Statuses": "New, Under Investigation"
    }
}