{
    "IsEncrypted": false,
    "Values": {
        "AzureWebJobsStorage": "UseDevelopmentStorage=true",
        "FUNCTIONS_WORKER_RUNTIME": "dotnet",
        "DatAlertHostName": "dev981e4.varonis-preprod.com",
        "DatAlertApiKey": "vkey1_73853334270a456692b64c783f932136_AmJrHnWjUBm1NcTGpEaPbkjtsyPwXq/bNasglk9OMZ4=",
        "LogAnalyticsKey": "DG3z+1mEkSziR8kaTZqp7PdYTdNsoYfA+/yjkQZHDTXlDDIW/b579FaLXNulgepcrPkFd9BN7pc2ChV1zIGhqw==",
        "LogAnalyticsWorkspace": "a248b5a4-b4c3-4ad4-8a3f-548f07136718",
        "FirstFetchTime": "2 weeks",
        "Severities": "Low, Medium, High",
        "ThreatModelNameList": "",
        "Statuses": "New, Under Investigation"
    }
}